-0.1271919162,-0.194998858,0
-10.0701783728,0.9735995538,0
1.9094508653,-4.0727028619,1
0.5856653495,9.816200347,0
-5.459372178,8.5364175119,0
-0.8106144412,4.214897949,1
5.9413661509,3.4597226476999996,0
-8.670721924,-0.8959014053000001,0
1.9218135312,4.6377178844,1
-0.4760192999,-0.1499286642,0
-4.514166101,2.7142891236,1
-0.3721903996,-0.8323995259,0
-2.8160246005,-0.35339091829999997,0
-1.1939590598,-0.5331376377,0
-10.198911001799999,-5.622581004400001,0
3.5096384876999998,-3.9650548041,1
-1.2163256879000002,-0.8066212555,0
-5.4418282751,-3.2390315669,1
-9.662447432899999,5.4201614904,0
0.8723806047,-4.6261969097,0
-6.414925340700001,7.1150515473,0
-0.2830224282,0.921686895,0
-1.8952196142,9.9077654615,0
-8.9022744658,0.9246382931999999,0
0.8602355237,-0.16399807630000002,0
5.6599951719,-8.4462283224,0
-0.2313010292,-0.3314995223,0
0.23896611899999998,0.1852894972,0
0.0671537889,-0.030669078,0
-0.2332418291,0.2169124923,0
-7.6535500569,2.5932703087,0
4.797329362,3.7237677708,1
-6.398520449199999,8.0353717755,0
-4.6533075182,-1.7589544662999999,1
-2.0004758871,4.0285961063,1
-1.2173703468000001,3.7424271712,1
3.7853191936000004,-1.4899503706000001,1
9.8270653972,-3.5304220942,0
5.1160200510000005,9.8855547753,0
-0.6448048270000001,-0.08851165650000001,1
4.4527776397,-0.3985479171,1
-0.0281424061,-0.0753809092,0
0.8800142678,0.0451091398,0
5.4010305836,0.5080048081,1
-0.48649593659999996,0.024062463500000002,0
-0.3979423325,0.12035794609999999,0
-6.2500728185000005,8.3380434713,0
0.2324886097,0.8780359555,0
-0.3381147324,0.1815194555,1
2.4873902433,4.53103682,1
-0.7098778856999999,-0.0008709311,0
-10.8369527474,-5.4434348540999995,0
5.8739849392,-7.5561929892999995,0
-0.0430572013,-0.2413183369,0
-3.1605719294,-1.4811385505,1
3.9774766295,1.7272672554,1
-6.645965845,8.7835054535,0
-5.1922198492,-2.0159312553,1
2.5196652938999997,-4.7680111911,1
-4.5839418641,2.376648498,1
-0.7227623455,0.3232858308,0
0.4581603353,-0.357079508,0
0.6498243858,-0.3055124453,0
0.0463399401,-0.0365974343,0
0.2584646463,-6.9803774062,0
7.0291908273,8.3809006541,0
-0.2513168903,1.0848808537999999,0
-0.3582213657,10.999853305699999,0
-6.9892013596,5.6749645316,0
-0.3118785429,0.44003293200000004,0
-0.1678371385,0.17735166289999998,0
-10.4013132886,-3.1915339762,0
1.6170269939,-0.24685635670000003,0
-3.8933753852999997,-4.7438380289,1
3.3288615885,2.6553298255,1
-0.4337226585,-0.2583890077,0
-1.1336670543,-0.323222515,0
0.6505500444,-12.9722885972,0
0.6365070899,-0.0091860866,0
2.3812450618,-1.84271095,0
9.6447177532,4.5496723003,0
-6.637693602000001,-6.773892268099999,0
2.1879885881,4.0532227306,1
-0.0089763886,0.011206421999999999,0
0.3543223045,0.1236820694,0
-1.4462653898,4.5826919007999996,1
-9.4936659308,-6.6247561643,0
-0.3345114295,0.2127088331,0
8.538868276599999,5.5205781852,0
-2.6662021730000003,10.7089504727,0
4.9237202615,4.5960018045,0
8.3256745665,-4.5887300815,0
-4.265032076000001,-3.8222816677999996,1
9.227903468200001,-1.0372931508,0
-0.6111283935,5.4538345322,1
-3.926786843,3.6947169146,1
-4.129599045,6.8615584401,0
-3.7114702731,3.0658244776999997,1
0.049212997,0.0915115283,0
-0.4326058943,9.626325829099999,0
-6.0334562953,0.4229133543,1
3.5628816233999996,8.1862265146,0
1.581547675,3.6222080568,1
3.3020810183,-10.9331832603,0
-10.1322575773,0.1384554765,0
-7.7616575688,7.4323671361,0
3.7018201643,-10.3206523322,0
-4.4154924016,-0.7995051765000001,1
6.3823796514,4.1916398279000004,0
-2.3216138977000003,-9.407333529099999,0
-0.0357674605,-0.0073355181000000005,0
-0.0175040832,0.0298505476,0
-1.527441587,-0.44850387049999996,0
8.2394428251,4.2123419149000005,0
-1.0443805725,-9.652917585900001,0
9.1761429623,5.0357532829,0
-0.28482463410000003,0.0583527067,0
-0.7141323012999999,0.4684050829,0
2.6389828474,2.8491174118,1
6.9340090963,7.1644485612999995,0
-6.1028642916999996,6.0395193635,0
-1.4665037385,0.8550766181999999,0
-0.09979329619999999,0.2676870944,0
0.6443138917,-6.3256424526999995,1
-4.4219741662,-1.3595522812,1
-2.3947233488,-1.3330344719,0
9.1036319333,-4.6487948123,0
2.7686957183,-9.2289973027,0
-2.037849424,9.1395047417,0
-7.407908223400001,7.885682318400001,0
-0.4519311436,0.1139065008,0
-0.16977155510000003,-1.3014802720999998,0
0.1329331124,-0.3284554613,0
-0.010489281100000001,-0.012481133200000001,0
5.508216662100001,7.660999909199999,0
2.5155386835,-5.810056639400001,1
0.4093289166,-0.5622818541,0
-2.8048868989999995,3.9459713917,1
-9.1959916717,-3.8126523933999996,0
2.7713413046,2.5064588428,1
-5.6574758367,0.0431994128,0
-0.1257885866,0.6309477128000001,0
3.0928085395,-0.8478212215,0
-0.21810034920000002,0.6489127178999999,0
-3.9137861917000003,3.2878346967,1
-1.3409775518,-2.7771111488,0
0.49830197369999996,0.9144537447,0
0.6118660314,0.6272740585000001,0
0.0897625917,-0.3163479457,0
-8.4012934035,1.9365549637000001,0
0.267617268,-0.21997302920000003,0
-0.032640689300000005,0.6767672746,0
5.7441094674,-6.90999567,0
7.177315339,5.1925176339,0
1.5415384347,-0.917523857,0
1.1788070024,-1.6413703679,0
-5.181934592,1.8514110457,1
-4.6136462755,-2.0908359085,1
-1.9344258324,-4.4250687743,1
9.4780667694,-1.9306777102000001,1
0.25305813109999997,0.19629426760000002,0
-2.4650420677000002,10.0515844868,0
5.2517726148,0.2578994994,1
9.3961979293,2.7905974333,0
-4.8053190618,-1.7446820156,1
0.2125452105,1.7974598516,0
-0.223948655,-0.0545902511,0
0.3025366519,-0.3585304393,0
-1.5188800938999998,-10.2647005745,0
-2.5774488713,0.4368029142,0
1.148664466,0.5857780511999999,0
0.0853672849,0.1302213673,0
11.4206344271,-1.0104535651,0
-4.7733298805,-7.791672651,0
-3.0032692556000002,-10.4795528144,0
-0.9419251446,0.3301044075,0
-10.0454130683,-3.6055601554,0
-0.5053590914,4.3588648025,1
-5.1453916099,-8.1057859813,0
0.0024698474,-0.10312927,0
5.460369861,5.992876226900001,0
-4.6794574999,10.060152053300001,0
0.0999053301,0.1552474485,0
0.3144211934,-0.2421801637,0
-9.1132003111,2.0993761509,0
0.9775788384999999,-0.2540803611,0
-0.8501317508,1.5168410995,0
1.3234453677,4.6551939708,1
0.8450294006999999,5.2159849862,1
1.1852165489,5.2625522776,1
-7.6066261306,4.2837535276,0
-0.7120680206000001,-4.5813879556,1
-0.687305818,-0.483239098,0
-0.055306682999999995,-9.6536108109,0
-1.4529074709999998,10.5552927524,0
4.5649038996,-3.5549069154,1
-9.0834056958,-0.0028563769,0
6.5344252634,-0.0742861886,1
-8.6655914168,0.6047486847,0
-2.4884619494,2.4359187038,1
-9.9935125309,1.2501384893,0
-3.1592615589,4.2196630432,1
-0.347895584,-0.4396744288,0
2.9133313362,2.2121402033,1
0.7496045021,-1.602833061,0
4.6348702661,0.3073546097,1
0.1037607518,2.5809920935,0
-6.4380397825,6.986437486,0
11.1317825879,0.18037304129999998,0
-1.1387446663,-10.9304703637,0
-1.7514550051,-5.5968814847,1
-8.4576898386,-6.1636172262999995,0
0.07027290650000001,-0.2638420294,0
-0.9426316698999999,-6.3379490583,1
3.1995964513,-7.7777227685,0
0.5995751571,0.1661328677,0
-0.9267109139,0.994555898,0
0.44098438840000004,-0.2882741015,0
2.1264739969,-2.9541001248,1
-5.912406850499999,9.0692532274,0
5.540255763999999,-0.7577028554,1
0.0734598062,0.7604255397,0
2.0010850559,-2.6236151396,0
4.1011748571,-0.3542221308,1
-2.0661422252,6.0259166242,1
9.3538542157,-0.9961528829999999,0
4.3660637143,4.8436681756,1
-0.0836091064,-0.2100706971,0
1.1125415984,5.2881619552,1
0.3511461586,-4.6555282483,1
-9.0214816865,5.6174863661000005,0
-1.4681340313,0.297397587,0
-5.620181688400001,-8.4962096849,0
0.021014009700000003,0.012465661599999999,0
6.2433377001,8.3387903124,0
-0.2360321371,-1.387527296,0
-5.5456717553,-8.1336953951,0
-9.2321134496,3.1915438866000003,0
-3.1998367041000004,-4.2643461839,1
-11.0521733884,-5.8661745199,0
0.027000541,8.7363816591,0
2.5493228946,4.395854518999999,1
-2.592995346,-9.3375746462,0
0.3498086666,-0.0779445778,0
2.81458354,2.6252920356000002,1
-1.2806135368,1.8426199794,0
0.24482631989999998,0.3714859542,0
10.4389876959,2.8414621898,0
-5.0018346957999995,-9.2860801905,0
-9.2651048676,4.891482245400001,0
-3.0746055538999997,1.322242764,1
2.3038638362,-9.6543475572,0
2.0107235176,-4.4365308319,1
-8.1801683629,5.3894929903,0
2.7421870238999997,-11.6751248643,0
-4.8011185287,2.9215859842,1
0.13282581429999998,-1.1123391388,0
-3.2088343019,3.3704498777999996,1
2.3225698822,-3.691495122,1
5.2458183973,2.8678106324,1
-0.1411723981,0.2808480732,0
0.7082958653,-0.2478954507,0
10.135449173200001,3.4353062495,0
3.8730869816,4.196646061,1
-4.671172078000001,1.4283503737,1
2.8228377426,4.9897768497,1
2.6640329053,-4.100791528,1
-0.7932580156999999,5.9840648949,1
5.1978279641,-8.4303097423,0
3.0847264337,4.0508497629,1
-0.7659286149,-1.4415149303,0
7.6012443020000005,-5.4475135143,0
-0.1870339938,0.639700237,0
1.5171509521000002,0.43146315659999995,0
9.881478231000001,3.9358480695,0
-0.1860021948,-0.36729710590000003,0
-0.46415315479999997,2.4799185417,0
1.9128807386000002,0.0956384871,0
-9.4744273885,2.5199665192,0
-3.8681074288999997,3.8715234444999997,1
-3.5445126362,-3.4749983268,1
-8.3266256373,3.7131173406999998,0
-1.5138179092,-0.9462965381999999,0
1.8775384933,-0.0828881095,0
0.1492465425,-0.09618901980000001,0
0.5098398306,0.37900652119999995,0
3.2116830135,4.4779796914,1
0.5095585081,-0.48364195600000004,0
-0.4907076212,-0.3275487589,0
9.5315901102,-0.423185353,0
11.456944330899999,3.2239570352999998,0
-1.0389697409,-0.5234386236,0
10.8903748882,5.0131202732,0
8.7447426565,-3.1785543270999996,0
5.6545980877,4.3947268345,1
0.7180088526999999,-0.4657365452,0
-1.2473584991,-4.1966292895,1
-5.3269123387,-0.3566847941,1
-0.7839959167,-0.23592435550000002,0
-0.0464760351,-0.0233381357,0
6.1569139036000005,7.250171825900001,0
0.07805212389999999,-3.3388594563,1
0.40854808020000005,2.5441075306,0
-8.8436806565,-4.237155738899999,0
-0.3845337586,0.5667289643,0
0.4586342907,-11.3450282121,0
8.5118997815,-2.5646652643,0
0.230943425,-0.5535915842,0
0.1787540083,-0.8560129683,0
3.9914077703,2.9852464919,1
0.0328712473,-8.7238075389,0
0.9066444953,-0.135752658,0
-1.7053246034,-4.7996020988999994,1
-0.8352117903,-0.6367531707,0
-10.5133383208,-0.2572303384,0
-1.0193924788,9.321900427200001,0
0.3307191232,-5.8849966478999995,1
3.9043980458,4.9333715853,1
-7.580178808099999,-7.7041624143,0
-7.607056677999999,-5.819431590900001,0
6.3146293255999995,6.2633027285,0
-7.5648663138,-7.1193101306,0
0.867379632,0.8765482816,0
6.369515096000001,-6.2244011526,0
4.1518818529,3.0956165087,1
0.0463469824,0.2805774752,0
-0.018920260300000002,4.3944863046,1
4.2092613847,-1.4143894268000001,1
0.7039194343999999,-0.49108594920000004,0
-8.7221388869,2.1094773566,0
-0.1683476718,-0.8947556056999999,0
-0.6800805795999999,0.13767456349999999,0
4.4070957945,8.0548584487,0
-2.8815482778,10.037273470599999,0
-4.5658774231,-7.1966383639,0
0.5739081724,-0.7397274789,0
-0.0186447704,0.0184002299,0
5.7606822725,0.5688695665,1
1.1336563551,1.0341466931999999,0
0.32207660120000003,-1.3499544919,0
2.3615489474,8.4634087793,0
-4.5715153667,-2.0256688992,1
-0.1824363338,0.2736255703,0
3.0373160141000004,5.8875126925,1
-5.0501275880000005,0.9244046306999999,1
-3.8008577569999997,-3.5684487874,1
-9.649945989199999,0.6605622864,0
-1.4983030931,0.5242014937,0
-1.1530910544,-6.3760784387000005,1
4.6638991828,-0.2309141646,1
-0.8493464567,0.1293066098,0
-0.7129050042,-9.4057525424,0
-8.9534373522,2.991097168,0
0.041535331,-0.0404197038,0
-0.1084601576,-0.1050276468,0
-0.1309157754,4.2902827769,1
-3.9764718382999997,1.8057068744999998,1
-4.42239623,-3.0974704043,1
7.376455332000001,-8.018514586,0
11.0935035992,-5.0931198391,0
-2.3644428175,-3.4900246864,1
4.9740444544999995,-2.1270776178,1
-7.829504667999999,-5.432350316799999,0
-2.1563913047,-10.0153054154,0
-4.4863317299,-1.4657924888999998,1
0.9806099187,3.314071512,1
9.3160794907,5.1650994029,0
0.6784892612000001,0.3730296871,0
8.9276600506,-3.3084489939,0
-8.4890608692,6.7468778525,0
-0.8129473656,0.4344150979,0
-0.142645152,13.061420885899999,0
0.142705162,0.026477937200000003,0
9.5443821489,2.5728688239,0
-6.253596638099999,-8.111257568200001,0
-0.5383365764,4.2922148038,1
0.7955148262,0.6466455639,0
-0.0180279579,-0.0197041867,0
-1.4379458344999998,1.0658926008,0
-0.7713365936,-0.3778872551,0
1.9556511912999999,-0.7147798025,0
1.7451310644999998,-4.3337413353,1
0.5474442758,9.3747701481,0
4.1448256895,8.8730113685,0
0.1198939631,0.8548743947,0
-6.313136009299999,8.3102484007,0
-0.4115386719,0.7830138015000001,0
2.4444306503,-8.8628381033,0
0.052541794100000004,-0.5147056765,0
3.6864484956,-3.1039297788,1
-2.3845945258000003,3.310907587,1
-3.4598724605,-4.3426566208,1
3.0403467582999997,-2.5356902603,1
0.2504070833,-5.5299643284,1
-4.1500838446,-3.2375294162,1
0.7412167826,5.645667105399999,1
0.41191230590000005,-0.7972161776000001,0
2.7734228551999998,3.10066759,1
1.7506964219999999,0.3566629745,0
0.1679346821,0.0744852704,0
5.1915599417000005,-0.6634656606,1
-9.2338042465,4.2794320777,0
-3.0682043650999997,-4.569777852900001,1
-6.189333660499999,7.9147851643,0
-4.0875614034,-5.5653131572,0
3.1828309587,-3.4037748313,1
-1.1516709172,2.4289376725,0
4.1015830777,-2.1503970716,1
4.173250048,-4.5798418592,1
3.5300497711000003,0.046251064,0
1.5203761124000001,1.9145069493,0
0.8850903687,0.1743942216,0
10.3385105765,-1.0702744579,0
-6.1456820956,-1.6314122780000002,1
-0.1199798234,-1.0607802251,0
5.8784595063,8.4306503005,0
9.3188619189,6.5675526785,0
11.150905879200002,-1.3551810900999999,0
-0.177977142,0.0136271765,0
2.8093333864,10.5772624776,0
0.4956911692,1.1317833018,0
-1.0906938895,6.616424229600001,0
0.2954424636,-0.7476984619,0
0.2711144837,0.1283533659,1
-0.7956514515,-0.5333242257999999,0
6.212823160499999,8.532788844299999,0
3.7678273369,3.3916927207999996,1
4.5094738808,-2.3496941413999997,1
-0.0100253386,0.2582041277,0
0.0205614325,1.9729846731,0
0.4110104907,-0.5727174549,0
-5.588063859400001,-1.8433239691999999,1
-3.4273283511000003,-3.3135656282,1
5.687771975,-7.2141334637,0
-1.2993108878,4.1792303819,1
3.2771775982999998,0.6559835932,1
0.2507168575,1.0764918838,0
4.7666203372,-7.4780174868,0
-9.021862654400001,3.0312065481,0
5.041450373,2.6209122319,1
0.15947766060000002,-0.4201083482,0
-0.5677279289,-0.7919799808,0
-9.4011160214,3.3917711998,0
-7.8885488998,-6.8808713047,0
-0.0725627841,-0.7650301367,0
2.1791073319,-4.226571685400001,1
0.6171427877000001,-1.1465282287,0
0.3908736475,0.20675917829999998,0
0.9708114871,-5.7127849086,1
9.167922349,1.1608256864,0
-4.2778902407,2.50385592,1
-12.068581923900002,0.8466004536,0
-4.9216569067,9.4922843539,0
-3.8318431091000003,-3.4297553902,1
8.0532505426,-6.9987055899,0
-10.3480835642,0.9872401099,0
8.4401338657,-5.5313052793,0
-3.1661083524,9.9136429205,0
2.6909303406,-3.577613566,1
-10.2365245101,4.0912277079,0
-0.9973111390999999,-5.0997905102,1
11.0269144999,-2.3252391901,0
1.9929299088999999,-4.172255012,1
-0.26296538280000004,0.0231520212,0
-0.4179197483,-0.1640673699,0
-3.3417927762,-3.4290860085,1
-1.7400714649000002,-6.006068796,1
1.6477282644,0.0192923082,0
-6.9211244758,-2.8649034962999997,0
-0.13768981519999998,-0.0766084236,0
-5.0800728623,-2.4268785977,1
-0.1036819015,-0.252760682,0
0.030360425299999997,-0.0023730717000000003,0
9.3575065957,0.9444944169,0
0.16722693449999998,0.3498284627,0
-6.2100536896000005,-4.9208488802999995,0
-4.8583056861000005,-10.0542823392,0
1.2782498483,4.7731973324,1
-0.1927269106,0.6290670262,0
-3.7868925707999996,-8.2193481236,0
-0.6921813384000001,-0.1632125275,0
-0.013642384399999999,-0.020246226399999998,0
4.1920800907,4.0087964866000005,1
10.2457241878,2.2229693637,0
0.2242974168,-2.617478818,0
-1.1905909227,-0.10344560380000001,0
5.4389589324,-9.358696282999999,0
-0.3179332541,-1.4498565841,0
-11.5558449197,-2.1998454878,0
0.0790546654,0.2231152983,0
-0.1220272201,0.43503563759999997,0
-0.8375433233,5.417662892899999,1
0.5541160042000001,-3.4383393308,1
-5.6538495259,-0.240054522,1
6.3486485828,-7.7224981588,0
8.8309894445,5.0707309055000005,0
-0.0764885242,-1.0290888354,0
5.0877777631,-5.9223675795,0
6.0843078538999995,-3.0847544813999996,0
11.091849543499999,-1.4045294253,0
1.0425147825,1.1232535672,0
-9.3958194089,1.6457266054,0
-6.109053879199999,-8.4592913869,0
-0.0315978013,-0.047164583499999996,0
-4.8006529824,-2.5773578899,1
2.9942140158,1.7125009756,1
-8.0997888019,6.129435066,0
-3.2731730551,-4.3545918634,1
8.3576667839,-6.4765854413,0
-1.0176219173999999,0.49719547280000004,0
-4.4541740226,-0.0155698901,1
4.4124662518,-2.3349072281,1
1.2443474057,5.9395932494000006,0
0.7392462573,4.5248072696,1
-0.0108116484,0.379266129,0
9.598849059299999,-2.5474203693,0
0.1362497423,0.12601608539999998,0
2.6027123202,3.5061177661,1
7.3547265795,-4.175894688600001,0
10.2218296073,3.6396093644,0
-0.23841212109999999,0.21458314550000002,0
1.5973076164,-4.0471055175,1
-0.2334766652,9.2201578355,0
-1.0356336718,-5.7062095983,1
-0.8178063804000001,0.5840894729,0
-9.2166221695,2.3404104172999998,0
-1.8566138890000001,3.9059318807,1
-9.828674703899999,3.7185083501,0
9.4276929552,0.998122335,0
10.2827241954,3.5829128897,0
-5.8546507977,-6.9361582546000005,0
2.889906873,-3.6305953651,1
-5.435336972000001,-0.6368407814,1
4.124821445899999,3.4118242298,1
4.4190663728,0.004027726,1
0.574517625,0.5647837531000001,0
0.5336614011,4.131228075899999,1
4.8962323668000005,0.3876138859,1
0.8536730369,-5.9287337827,1
4.5386924638,1.5952718217,1
-5.0375590769,10.2301514351,0
-5.6518997881,2.913517343,1
8.5907122714,-5.9683927819,0
-5.5126236325,-7.4417306153,0
-0.0632368088,-0.0552219966,0
0.1180721041,-0.6477898381,0
-3.9916449100999998,-3.5119701162,1
-0.4682342918,-1.0289831942,0
1.4131876561,0.8305359912000001,0
-3.8073557335,4.5354096137,1
-0.3043482444,0.4386789084,0
4.2659262244,-2.1691716263,1
3.3774492488999996,-1.3355056854,1
-7.2110283631,3.2213252167000004,0
9.6552192841,-3.6435901876,0
0.1428298116,0.1041935992,0
-1.0869604651,-0.45739705340000003,0
0.4042762668,0.17359637879999998,0
5.6016310862,-2.4523839121,1
-9.2849352455,-6.1793381083000005,0
-5.1523215789,9.6943699297,0
-7.2765554424,5.0372479274,0
-3.7662330689999997,1.2121484976999999,1
-5.2400767619,2.3595037047,1
-5.6643980242,2.4797951369,1
8.4816162186,-5.225494794599999,0
0.6293978355,0.6427826063000001,0
-6.146735238200001,1.0461258988,1
-2.8580465719,-8.9492555806,0
-5.9892187025,-7.7452080819,0
-7.5996247641,-5.2487826621,0
3.3574289099000003,-1.8085529613,1
-0.1067651674,-0.0467516845,0
-0.3357580278,-0.2935860791,0
3.5382697067,4.707980565,1
2.5649185639,-5.0730595709,1
0.1653750607,1.2517929638,0
0.3967634764,-0.12750568710000001,0
-1.0762252948,-10.4948439969,0
-0.9431007648999999,-6.0319525111,1
6.292804995599999,-2.7980692048,0
-2.0728526662,2.8671559391000003,1
-3.7714686011,7.8001022419,0
-0.0664884972,0.8548187362999999,0
0.0584135463,1.572504378,0
-6.2048580282,-6.929591502999999,0
-0.4727522874,-0.5628213091,0
-0.6286210884000001,0.39182519899999996,0
2.6783307641,5.1997784969,1
10.0753982792,3.8630780008,0
0.7993582761,0.3031984175,0
0.1349019627,0.0792031625,0
-7.720719095800001,0.2423371909,0
10.254342876499999,3.9913605943,0
-0.8630575331999999,-2.182658267,0
4.1244820154,-1.8960477593,1
-0.13709609720000002,0.0034322065000000003,0
3.8225397519,1.3390791668000002,1
0.011484643899999999,-0.6370859446,0
-0.2280697173,0.4920352027,0
-0.9786728472,-0.5512108181,0
-11.7143192626,-1.0877980631,0
-0.914437252,5.9166483828,1
3.866402622,0.2983257419,1
-0.5976109442,4.473180443,1
-1.3403722581,-4.2253818648,1
0.1068795208,-0.1067283507,0
-1.0826735332,-9.2583149422,0
-3.0820311808,-3.5147442602999996,1
0.21060457359999998,0.0169338191,0
-3.3085975516,-2.656885579,1
-3.7994818279,-2.7943572449,1
3.7551708216,-3.5314699823,1
0.9088104946,0.3828339932,0
0.0821776678,1.1059947072,0
-5.7715082816,1.1612113618000002,1
7.8195681919,-6.749392267,0
2.1357058475,-2.7522528883999997,1
-3.102323712,4.5231715026999995,1
-0.0060729874,0.46588463700000005,0
5.936502439400001,-9.4874513845,0
2.557220282,5.9325342467999995,1
0.3292861717,1.2695041406,0
-1.1157292611,-0.40108943909999994,0
-3.9078469711,3.1964165506,1
-3.8948919301,-3.5062778106,1
-0.7079375933,5.3292834598,1
-2.9637286572000003,-4.9546700068,1
-1.1214897358,5.1871907319,0
-3.3459207156999997,-11.223408924700001,0
0.6314091612,0.3308535123,0
-0.8670452112,-0.8684532988,0
-7.0112034039,7.2232532439999995,0
9.546949030499999,1.818123722,0
2.9996708989,-2.8937442782,1
-4.450390732,3.8408383106,1
-0.1290920788,0.4626791172,0
9.8958543,4.638473231,0
4.5349625852,-7.1773138121,0
-0.5349970488,-9.592544197,0
-1.9190264088,-3.6272009214999996,1
-1.5719391709000001,-3.9033998325,1
-4.2272346402,-3.5063809377,1
3.5121804751,-4.045844252699999,1
0.2517407954,1.5998061203,0
0.5917679938,-1.1413066281,0
10.0602022739,0.7910936464,0
-9.7896974482,-4.1524268533,0
-0.1072502152,0.0707616253,0
-3.2163216765,10.6062362772,0
-9.373475534199999,1.2144128319,0
-1.1567192388,0.6810459466,0
4.5670873334,7.7870349515,0
0.014285664299999999,-0.1608911359,1
-9.536129458200001,-1.7434434576,0
-2.5148003957,3.8659009627999996,1
-1.8877818426,0.6579048661,0
-6.903219278300001,-1.0592821388,0
7.8568336726,3.7309379455,0
-0.868640655,-0.8585343301999999,0
0.38849202159999996,9.5087150409,0
-11.415763806700001,-1.8330382327,0
0.8597355704999999,5.4179045924,1
-2.0548858192,1.9574873474,0
10.5040424794,-1.1468677102,0
1.7747098063999998,5.5565146876,1
-0.7054646893000001,5.7314008636,1
3.7709414181,-11.0233595149,1
-2.0295221418000002,1.3526197925,0
0.3738423254,-0.39050676240000004,0
1.4674553772999999,0.6068627052000001,0
0.0531879,0.08563543359999999,0
0.27773095059999997,-0.739940912,0
-3.6290923604,4.1507178281,1
3.5189717245,-2.5450438427,1
3.4355272433999997,10.6770053849,0
-3.9311101155,2.1840866711,1
-2.8151773595,2.6117028594,1
-0.3187203967,4.7988289394,1
-2.7306669219,4.6499955219,1
-7.131737265,10.7122032415,0
4.1553304648000005,-4.5321355673,1
0.622479595,1.6295477209,0
10.6468816262,-0.35321933060000005,0
0.0003061145,-0.0795536948,0
4.5269423175,-2.5534879905000003,1
-5.4660332941,7.7229881845,0
0.7483709665999999,-0.9993661386,0
-0.052017123,4.3644809979,1
2.1029236748,-5.4482621831,1
0.2421323198,5.1595474955,1
1.9882707596,-10.752179361900001,0
4.1409209614,1.9564228332,1
-0.9164527668000001,-0.27954946140000003,0
-5.3747310874,-0.534921316,1
-3.5070677037,-1.6695596593000002,1
-1.7661091529,0.6157436267,0
1.8170643299,-11.6085777478,0
5.3615630912,2.401561166,1
-0.4303897018,1.01717319,0
-0.0236486472,-4.2594250714,1
1.2485194027,5.1200337325,1
9.818910638,0.9526954195,0
-0.0361063271,1.3961559868,0
-8.7917342515,-0.40414693659999995,0
9.269072341000001,-6.234318879400001,0
-5.2736299912,1.3783449731,1
-1.4171323906,-0.4797321802,0
-6.157018732999999,8.4003417187,0
0.0508561075,-0.0565918523,0
-0.3370463876,0.550305516,0
-1.6707964155000001,-5.9071957485,1
0.2620958049,0.1727219706,0
8.1607343287,1.5576107144999998,0
-0.3639255377,0.0690452936,0
-0.0735176585,0.0736914582,0
-4.2016344964,-2.3179564485,1
8.3766722884,-3.0353859863999997,0
-10.0685152709,0.20684597989999998,0
3.7103155341000003,-8.168828296900001,0
-1.46027236,3.2696360338,0
-0.0457092214,0.1475060566,0
-6.2772822676999995,7.776224489600001,0
2.9123821313,0.67130705,0
-4.4475726553,3.020387299,1
-6.8078496072000005,5.9337445128,0
0.6698576588,9.1045866995,0
-0.2067852775,0.29855282489999996,0
-1.4281189081999999,-4.2626161406,1
-3.8465137606999997,-10.2262100625,0
-4.7008565906,4.2373694473,1
9.3783505276,-3.8945958551,0
-8.31046105,-4.8295280175,0
-3.7322819284,2.7866099270999998,1
-4.0043488569,2.5909339777000002,1
-0.5068661320000001,0.7162996629,0
0.2034187459,-0.2662455915,0
9.6183068421,4.3116052373,0
-5.3438228051,-0.4687914797,1
0.0578790902,-1.2775403235,0
7.1047071443,-5.917481044700001,0
3.5949855524000003,5.507417317200001,1
9.8400904353,-3.7317883289,0
-0.9160844381000001,-0.5278018308,0
-0.24797509489999997,-0.719362266,0
-7.7302343504,-2.5033416266999997,0
1.5456318894,0.5269027326,0
1.6614962094999999,4.014268993,1
-0.6251060474,3.2525661248000004,0
-5.2881342077,1.5191689478000001,1
-0.2003107475,0.22143251320000001,1
4.416062821600001,-0.5770934796,1
-5.5565760575,8.8978818331,0
-0.669811976,-5.8273482373,1
-4.3143727535,-2.1796017183000003,1
-0.8390057198,6.2265850785,1
0.11832995689999999,0.0617130839,0
0.45202687799999997,0.1107068116,0
2.2019579196,-0.046957232300000006,0
0.046555106299999996,5.468912723099999,1
-5.419499560399999,8.306810499600001,0
-2.5991038766,9.4839199975,0
1.5085673897,4.4579339133,1
3.1441485916,4.4136528018,1
0.31198481640000003,3.8231281244999997,1
0.3656907581,-0.8550817542,0
0.051297443899999996,-3.7730186932999996,1
-1.5544430559,1.7139796231,0
-1.1841156283,11.355029023599998,0
0.30819684199999997,-0.2876164925,0
3.6860531542,1.6302814276,1
4.8487861883,-3.7758377933,1
11.0034322499,3.8943183496,0
2.4238009474,-4.3646001944999995,1
10.1068194765,1.4671961238999998,0
-0.8330354226000001,-0.34863003509999996,0
-5.4409083747,-8.307972443099999,0
-4.022757895,-2.7567780000999997,1
6.1888519201,6.271430190399999,0
-0.0752720103,-0.0973634455,0
-5.470128255900001,-5.422069596,0
1.7823800075,4.593206718999999,1
-8.9953442252,5.411898524500001,0
1.9151412784000001,-2.7151844099,0
-8.7244541633,-0.4743047225,0
-2.587149414,-4.2907158364999995,1
-3.8133729283999998,3.9541024631,1
-9.1246980244,-3.4610406450999998,0
5.1322273335,4.8878862272,0
-8.913648520399999,4.3765736106999995,0
7.800837166,6.493976535599999,0
-0.885125025,0.5096022399,0
8.0090423742,4.8655853556999995,0
-0.1440416393,0.1466782466,0
-10.818658606700001,0.47297551590000003,0
-6.2873314422,2.1063066645,1
2.5084751771000002,5.0972928368,1
0.224367557,-0.2427341589,0
-0.0025573615,-0.00016145209999999998,0
5.2986824731,-7.2448518982,0
-1.2629106446,-0.9323950168,0
1.8268089353,-0.1663648308,0
3.1781464655000002,-4.2449257388,1
5.2888555333,0.22581900059999999,1
3.5945515427999997,-1.5876636461000002,1
-7.6762053765,5.715039755299999,0
0.647630057,-0.030635049900000003,0
9.6687331958,-0.5262714121000001,0
3.9355436217000004,3.7062339337,1
0.2507968551,-0.1694927884,0
5.484256460399999,2.0631682433000003,1
1.8672963519999999,-3.8173507494,1
-1.41792765,0.6217241258,0
-0.6045153665,-4.7327848218,1
-3.3063549223,-2.1212975979,1
-2.351589746,-0.6586611587,0
-0.044325826,-0.0101898753,0
-0.0008475004,0.0017941989000000002,0
-4.2831051396,1.625737938,1
0.2221333453,-0.09712062119999999,0
-4.88479176,-0.1626045752,1
-7.4920277189,2.4803887562,0
-0.1429608218,-0.14448274960000002,0
3.2984640269,-9.5716237533,0
2.2327019607,-3.7484925397000004,1
1.1632607205,1.0442216395000001,0
1.7108406081,-5.8043932584,1
-7.8164234614999994,-4.6750524584,0
-1.5934789713,-0.5985415358,0
3.4076736779,-5.0505937436,1
5.0101086992,-1.3178519315000001,1
1.4408984488999999,-4.0551916797,1
1.4336319437,-0.1365308427,0
-3.6736079442,2.2555753439,1
-0.0021859393,-0.1501824931,0
-1.4217287725,0.5559753585,0
-3.1038686355,3.9752524393,1
3.2513195968,-9.483208509199999,0
0.4863477811,0.0351933631,0
-3.5964381520999997,-9.7950285225,0
2.2037544651,-2.0744772803,0
3.0500275038,-7.5760749493,1
0.2917065532,0.1063125914,0
-0.46342465829999996,-0.3126505864,0
3.2276921306,4.6361052519,1
-0.0759343121,-13.094458013499999,0
-0.7643700087,-0.5453503794,0
0.630210128,0.6311842436,0
0.2636480845,-0.0832386825,0
7.4830889834,-5.8371081658,0
0.788742865,0.511701834,0
3.9986419910000004,-4.6758052235,1
-3.2071827062000002,-1.1494441445999999,1
-8.335544221000001,6.5205720833,0
-0.5080189932,-0.2580085836,0
6.5329553189,-9.1498426628,0
0.4292170075,0.03281612,0
9.2717327878,-0.2303788963,0
0.1108276455,0.0016577597,0
1.1953624128,4.6270318833,1
6.1002848928999995,-0.1465041168,1
4.3891248499,0.5681816449,1
5.0717193318,-8.7908876757,0
-4.2086975245,-5.454294440499999,0
9.3244609832,4.7123346646,0
0.4433892141,0.6290876907,0
4.1577183782,1.4063353656,1
0.717405796,-10.432729757899999,0
0.060499376900000006,0.34176462020000004,0
9.2796555912,-6.6317924778999995,0
0.08417086230000001,0.0672600552,0
-3.4880148204,0.6859364126,1
-6.521137685399999,-10.072244960199999,0
6.4731511288,7.4267875755,0
5.4319673164,-3.2928495936,1
0.2459003667,0.0133151769,0
0.0339853394,7.8510613005,0
-8.544065716699999,-2.9090027385000004,0
1.1484233999,10.849228047,0
-2.9461676401,-2.3103310440000002,1
-0.0631015014,0.5757992084,0
0.2740492221,0.7695670344,0
6.6319376158,-7.4932326084000005,0
-6.2226619804,7.491773047200001,0
10.4841092577,-5.624124916,0
8.9284256303,-2.9278747502,1
-5.2778580768,-2.5131178981,1
5.110280225,-3.6057343555,1
-5.930896879700001,1.5802561877,1
0.0069928321,-0.1143339875,0
-0.0002534191,0.0793938001,0
0.021140485299999998,-0.0250765633,0
-3.6995035734,-11.5069000502,0
9.3503701642,-5.0693987251,0
7.823609072000001,-6.47238611,0
-1.5147541169999998,1.7985419734,0
-3.8953396229000004,1.852162188,1
-3.2876695213,-1.3789849047999998,1
3.7272911418,-4.75156568,1
-5.132500812,7.8334873261,0
0.1778334049,-3.4553705522000002,1
6.0913615106,6.5551919126,0
-10.52159878,-1.9400710658000002,0
1.5363651104,-1.9714174196,0
-0.036141144,-0.07030989110000001,0
-1.7292958471000002,-0.1614984115,0
-9.0486445927,2.9184610082,0
0.6750055691,-0.8165908784,0
6.2893071022,-0.6089137164,0
5.1112258985,-1.5840866588999998,1
-4.9278517018,2.4897025646,1
-1.0663228734,-0.4600736942,0
-9.254471925299999,1.349035855,0
0.15272626220000002,-0.2298228978,0
-0.5904481787,-1.0446537825,0
0.0865247401,-1.0154870131,0
-0.4617487403,-0.6421232864,0
-5.2280115505,3.3175013395999997,1
-11.128342152,-0.150069021,0
-1.0569567304,0.9246072146,0
4.5024946777,2.1837294715,1
-2.089210766,-9.265392582,0
10.5012903911,2.0514693555,0
-4.2331082232,-2.9078379488999997,1
-2.7428647781,-3.9430994827999997,1
0.1713424452,0.1902013848,0
0.7262217711,6.4889247852,1
-0.7290048684999999,-5.143920179,1
0.6293213475,-0.35164834850000004,0
0.0771752782,0.9728628497,0
9.1801181582,3.6109833272000005,0
0.10923573939999999,-0.0404399184,0
7.3885677912,-5.7540480952,0
1.2174932663,1.7691314331,0
-1.0984175952,-5.8836276295,1
0.319854239,-0.0478069259,0
-3.4497007532999997,3.0328438133,1
9.446834263200001,-9.3763827679,0
1.2988003528,6.2542991362,1
-0.3807397393,0.1746069537,0
-2.0089068001,9.358028827,0
-3.8196276237999998,1.9572908134,1
0.0921993056,-0.0955647257,0
0.0254872064,-0.2138256716,0
-3.0952968489,-4.3692011266,1
9.1381638105,-3.7790459803,0
-4.9339088323,1.4076775697,1
-0.6315530812,2.8936677187999997,0
0.5366003413,1.4662375893000001,0
-0.039584035,-0.051453317900000003,0
-2.8701560983,-10.0200591087,0
-9.3088440374,-3.8224504751999997,0
-0.0651794591,-0.0050337685999999994,0
-0.4653768062,-0.9610226115999999,0
-2.3166193822,-0.33969184979999995,0
0.0017504876999999998,0.28863473,0
4.6848218695999995,2.8563258296,1
-4.0621962814999995,-3.2705969782,1
8.9614103803,-2.5712648640999998,0
-1.2241079306,3.7005523347000002,1
-1.5803292575,-10.463844312300001,0
-0.3597620158,-0.0616102362,0
8.6064091305,6.1491385468,0
-5.534883257200001,4.8915144775,0
-0.8200827025,-0.0542063786,0
-3.9451166533,5.0614099432,1
-0.9281216737000001,-5.869562605,1
-0.0181440811,0.3832669037,0
-1.2535550968,-4.869531200000001,1
-2.9355417961000003,10.1547217537,0
-8.0619171277,3.5136732203,0
-8.7051077272,1.9319958034,0
0.23714106079999997,0.2505882553,0
-11.513766733399999,-3.7925391381,0
-0.4095463703,-1.506000284,0
-11.4165353774,-3.5812593268,0
-0.028994265499999998,0.0103205362,0
0.0130522256,0.0029336484,0
1.3093479215000001,0.9632406947,0
1.3320839641,2.4123015625,0
2.4625559709,4.7284320119,1
0.3177609366,0.06534395259999999,0
-5.1227184642,-10.4738665084,0
-0.1148532025,0.9683848978,0
-0.3415486351,-0.1504784471,0
-4.5464713185,-2.9891361206,1
-0.2877222428,4.9528076639,1
5.9154028065999995,0.100676799,1
1.1032915059000001,-0.7103545392,0
10.706362331000001,-4.2106753526,0
2.9884541280000003,-2.9405691245999996,1
-2.273783008,-8.5783334534,0
2.0418352697,9.5116337399,0
-9.1985767424,1.1859767605,0
0.1442719824,-0.1378593377,0
2.9018819978,-4.1117177192000005,1
0.5081710532,-0.0442498611,0
6.32994793,-0.4463966861,1
0.5425335359000001,0.8463983772,0
-0.0571911332,0.1266944933,0
